"","Year","CountryName","TotalAdj","predicted","residuals","Gold","Silver","Bronze","locCity"
"5780",2010,"Albania",0,0,0.306030039780681,0,0,0,"Vancouver"
"5567",2006,"Algeria",0,0,-0.395370042111126,0,0,0,"Torino"
"5781",2010,"Algeria",0,0,-0.269694461606612,0,0,0,"Vancouver"
"3218",1964,"Argentina",0,1,-1.21008998529947,0,0,0,"Innsbruck"
"3432",1968,"Argentina",0,1,-0.579857661119408,0,0,0,"Grenoble"
"3646",1972,"Argentina",0,0,0.465044865826478,0,0,0,"Sapporo"
"3860",1976,"Argentina",0,0,0.215038153270592,0,0,0,"Innsbruck"
"4074",1980,"Argentina",0,0,-0.432777091443408,0,0,0,"Lake Placid"
"4288",1984,"Argentina",0,0,0.0166421929173974,0,0,0,"Sarajevo"
"4502",1988,"Argentina",0,1,-0.507672779320515,0,0,0,"Calgary"
"4716",1992,"Argentina",0,1,-1.45976223291292,0,0,0,"Albertville"
"4930",1994,"Argentina",0,1,-0.687637718624772,0,0,0,"Lillehammer"
"5144",1998,"Argentina",0,1,-0.979770104505258,0,0,0,"Nagano"
"5358",2002,"Argentina",0,1,-0.670631168968291,0,0,0,"Salt Lake City"
"5572",2006,"Argentina",0,1,-0.605096608140993,0,0,0,"Torino"
"5786",2010,"Argentina",0,1,-0.570989701011467,0,0,0,"Vancouver"
"5145",1998,"Armenia",0,0,0.534569354565827,0,0,0,"Nagano"
"5359",2002,"Armenia",0,0,0.335954239160253,0,0,0,"Salt Lake City"
"5573",2006,"Armenia",0,0,0.298483355988842,0,0,0,"Torino"
"5787",2010,"Armenia",0,0,0.390019666371537,0,0,0,"Vancouver"
"3221",1964,"Australia",0,1,-1.29765557036006,0,0,0,"Innsbruck"
"3435",1968,"Australia",0,1,-0.774014636549413,0,0,0,"Grenoble"
"3649",1972,"Australia",0,0,0.202901841073033,0,0,0,"Sapporo"
"3863",1976,"Australia",0,0,-0.167876404810309,0,0,0,"Innsbruck"
"4077",1980,"Australia",0,1,-0.798229306979603,0,0,0,"Lake Placid"
"4291",1984,"Australia",0,0,-0.436678044137831,0,0,0,"Sarajevo"
"4505",1988,"Australia",0,1,-0.859295324337722,0,0,0,"Calgary"
"4719",1992,"Australia",0,2,-1.70521459100028,0,0,0,"Albertville"
"4933",1994,"Australia",1,1,0.114048423978621,0,0,1,"Lillehammer"
"5147",1998,"Australia",1,2,-1.11168915015345,0,0,1,"Nagano"
"5361",2002,"Australia",2,2,-0.206722130456016,2,0,0,"Salt Lake City"
"5575",2006,"Australia",2,3,-1.00858021325995,1,0,1,"Torino"
"5789",2010,"Australia",3,3,0.0763494533218225,2,1,0,"Vancouver"
"3222",1964,"Austria",12,6,5.53813998251834,4,5,3,"Innsbruck"
"3436",1968,"Austria",11,11,-0.395343936236733,3,4,4,"Grenoble"
"3650",1972,"Austria",5,10,-4.55980423774514,1,2,2,"Sapporo"
"3864",1976,"Austria",6,4,1.52688941724877,2,2,2,"Innsbruck"
"4078",1980,"Austria",7,6,0.868217746892618,3,2,2,"Lake Placid"
"4292",1984,"Austria",1,7,-5.51924249572389,0,0,1,"Sarajevo"
"4506",1988,"Austria",10,2,8.32216790402748,3,5,2,"Calgary"
"4720",1992,"Austria",21,11,10.2669922110755,6,7,8,"Albertville"
"4934",1994,"Austria",9,20,-10.9335087947263,2,3,4,"Lillehammer"
"5148",1998,"Austria",17,9,7.71028553765099,3,5,9,"Nagano"
"5362",2002,"Austria",17,17,0.342645093297408,3,4,10,"Salt Lake City"
"5576",2006,"Austria",23,16,6.51770506540255,9,7,7,"Torino"
"5790",2010,"Austria",16,22,-5.75302689670896,4,6,6,"Vancouver"
"5363",2002,"Azerbaijan",0,0,0.135941982516886,0,0,0,"Salt Lake City"
"5577",2006,"Azerbaijan",0,0,0.0214482304374221,0,0,0,"Torino"
"5791",2010,"Azerbaijan",0,0,-0.0847940460184825,0,0,0,"Vancouver"
"5154",1998,"Belarus",2,2,0.121107251369689,0,0,2,"Nagano"
"5368",2002,"Belarus",1,2,-0.974610731711795,0,0,1,"Salt Lake City"
"5582",2006,"Belarus",1,1,-0.0825958295059445,0,1,0,"Torino"
"5796",2010,"Belarus",3,1,1.99786211966941,1,1,1,"Vancouver"
"3657",1972,"Belgium",0,0,0.283537659386972,0,0,0,"Sapporo"
"3871",1976,"Belgium",0,0,-0.0752743266893348,0,0,0,"Innsbruck"
"4085",1980,"Belgium",0,1,-0.797664130398752,0,0,0,"Lake Placid"
"4299",1984,"Belgium",0,0,-0.188004529204195,0,0,0,"Sarajevo"
"4513",1988,"Belgium",0,1,-0.797654323579122,0,0,0,"Calgary"
"4727",1992,"Belgium",0,2,-1.67060565162105,0,0,0,"Albertville"
"4941",1994,"Belgium",0,1,-0.872724867362068,0,0,0,"Lillehammer"
"5155",1998,"Belgium",1,1,-0.135620870595871,0,0,1,"Nagano"
"5369",2002,"Belgium",0,2,-2.14655202238469,0,0,0,"Salt Lake City"
"5583",2006,"Belgium",0,1,-1.06684022444381,0,0,0,"Torino"
"5797",2010,"Belgium",0,1,-0.885577659533184,0,0,0,"Vancouver"
"4304",1984,"Bolivia",0,0,0.713765462079253,0,0,0,"Sarajevo"
"4518",1988,"Bolivia",0,0,0.486061166653684,0,0,0,"Calgary"
"4732",1992,"Bolivia",0,0,-0.310547510044997,0,0,0,"Albertville"
"5161",1998,"Bosnia and Herzegovina",0,0,0.264827216396451,0,0,0,"Nagano"
"5375",2002,"Bosnia and Herzegovina",0,0,-0.0150002737323019,0,0,0,"Salt Lake City"
"5589",2006,"Bosnia and Herzegovina",0,0,0.0885428935085783,0,0,0,"Torino"
"5803",2010,"Bosnia and Herzegovina",0,0,0.207636810269138,0,0,0,"Vancouver"
"4949",1994,"Brazil",0,1,-0.713163135192158,0,0,0,"Lillehammer"
"5163",1998,"Brazil",0,1,-1.112126283756,0,0,0,"Nagano"
"5377",2002,"Brazil",0,1,-1.01410370069358,0,0,0,"Salt Lake City"
"5591",2006,"Brazil",0,1,-0.957590666434173,0,0,0,"Torino"
"5805",2010,"Brazil",0,1,-0.974013897495527,0,0,0,"Vancouver"
"4095",1980,"Bulgaria",1,0,0.883926654301422,0,0,1,"Lake Placid"
"4309",1984,"Bulgaria",0,1,-0.520058792192433,0,0,0,"Sarajevo"
"4523",1988,"Bulgaria",0,0,-0.0729973661652728,0,0,0,"Calgary"
"4737",1992,"Bulgaria",0,1,-0.511929690428317,0,0,0,"Albertville"
"4951",1994,"Bulgaria",0,0,0.324281911405966,0,0,0,"Lillehammer"
"5165",1998,"Bulgaria",1,0,0.963737282591435,1,0,0,"Nagano"
"5379",2002,"Bulgaria",3,1,1.86121890013565,0,1,2,"Salt Lake City"
"5593",2006,"Bulgaria",1,3,-1.89746993287783,0,1,0,"Torino"
"5807",2010,"Bulgaria",0,1,-0.98583565152509,0,0,0,"Vancouver"
"3244",1964,"Canada",3,5,-2.11486528165984,1,1,1,"Innsbruck"
"3458",1968,"Canada",3,4,-0.702387657324939,1,1,1,"Grenoble"
"3672",1972,"Canada",1,3,-1.72609603364064,0,1,0,"Sapporo"
"3886",1976,"Canada",3,1,1.75992748115955,1,1,1,"Innsbruck"
"4100",1980,"Canada",2,4,-1.66031736179368,0,1,1,"Lake Placid"
"4314",1984,"Canada",4,2,1.60815031053628,2,1,1,"Sarajevo"
"4528",1988,"Canada",5,5,0.303941396797835,0,2,3,"Calgary"
"4742",1992,"Canada",7,6,0.612736472639552,2,3,2,"Albertville"
"4956",1994,"Canada",13,7,5.6210305971397,3,6,4,"Lillehammer"
"5170",1998,"Canada",15,13,1.89633872009696,6,5,4,"Nagano"
"5384",2002,"Canada",17,15,1.90941439417427,7,3,7,"Salt Lake City"
"5598",2006,"Canada",24,17,7.22866049327478,7,10,7,"Torino"
"5812",2010,"Canada",26,23,3.02918736808435,14,7,5,"Vancouver"
"3250",1964,"Chile",0,1,-0.805661646819945,0,0,0,"Innsbruck"
"3464",1968,"Chile",0,0,-0.234529084657072,0,0,0,"Grenoble"
"3892",1976,"Chile",0,0,0.687262307611004,0,0,0,"Innsbruck"
"4320",1984,"Chile",0,0,0.399753691668765,0,0,0,"Sarajevo"
"4534",1988,"Chile",0,0,-0.0393865603776178,0,0,0,"Calgary"
"4748",1992,"Chile",0,1,-0.986977831752741,0,0,0,"Albertville"
"4962",1994,"Chile",0,0,-0.250338219118657,0,0,0,"Lillehammer"
"5176",1998,"Chile",0,1,-0.62254642128337,0,0,0,"Nagano"
"5390",2002,"Chile",0,1,-0.679930006276348,0,0,0,"Salt Lake City"
"5604",2006,"Chile",0,1,-0.627704812065922,0,0,0,"Torino"
"5818",2010,"Chile",0,1,-0.515634067800894,0,0,0,"Vancouver"
"4321",1984,"China",0,0,0.171231048528464,0,0,0,"Sarajevo"
"4535",1988,"China",0,0,-0.24479816949188,0,0,0,"Calgary"
"4749",1992,"China",3,1,1.91135549841282,0,3,0,"Albertville"
"4963",1994,"China",3,3,-0.10591463617729,0,1,2,"Lillehammer"
"5177",1998,"China",8,4,4.42851197747984,0,6,2,"Nagano"
"5391",2002,"China",8,8,-0.355143527093342,2,2,4,"Salt Lake City"
"5605",2006,"China",11,8,2.7530603295286,2,4,5,"Torino"
"5819",2010,"China",11,11,-0.0333644930981458,5,2,4,"Vancouver"
"4326",1984,"Costa Rica",0,0,0.688190258267666,0,0,0,"Sarajevo"
"4540",1988,"Costa Rica",0,0,0.244575435680496,0,0,0,"Calgary"
"4754",1992,"Costa Rica",0,1,-0.604953000437446,0,0,0,"Albertville"
"5396",2002,"Costa Rica",0,0,-0.361392312253088,0,0,0,"Salt Lake City"
"5610",2006,"Costa Rica",0,0,-0.118003965937644,0,0,0,"Torino"
"4970",1994,"Croatia",0,0,0.0671305104120076,0,0,0,"Lillehammer"
"5184",1998,"Croatia",0,0,-0.389304688259455,0,0,0,"Nagano"
"5398",2002,"Croatia",4,1,3.47909556797064,3,1,0,"Salt Lake City"
"5612",2006,"Croatia",3,4,-1.05553104373045,1,2,0,"Torino"
"5826",2010,"Croatia",3,3,0.0249123255746615,0,2,1,"Vancouver"
"4331",1984,"Cyprus",0,0,0.729820757934791,0,0,0,"Sarajevo"
"4545",1988,"Cyprus",0,0,0.142392848958694,0,0,0,"Calgary"
"4759",1992,"Cyprus",0,1,-0.760904234286229,0,0,0,"Albertville"
"4973",1994,"Cyprus",0,0,0.0321147084421236,0,0,0,"Lillehammer"
"5187",1998,"Cyprus",0,0,-0.293553622600523,0,0,0,"Nagano"
"5401",2002,"Cyprus",0,0,-0.426997651952085,0,0,0,"Salt Lake City"
"5615",2006,"Cyprus",0,0,-0.285966973981866,0,0,0,"Torino"
"5829",2010,"Cyprus",0,0,-0.12806040017378,0,0,0,"Vancouver"
"5188",1998,"Czech Republic",3,1,2.39540597808951,1,1,1,"Nagano"
"5402",2002,"Czech Republic",3,4,-0.519830189897893,1,2,0,"Salt Lake City"
"5616",2006,"Czech Republic",4,3,0.580235741817744,1,2,1,"Torino"
"5830",2010,"Czech Republic",6,4,1.79995815752753,2,0,4,"Vancouver"
"3263",1964,"Denmark",0,1,-1.0940976833646,0,0,0,"Innsbruck"
"3477",1968,"Denmark",0,1,-0.581644930661818,0,0,0,"Grenoble"
"4547",1988,"Denmark",0,1,-0.777104083544842,0,0,0,"Calgary"
"4761",1992,"Denmark",0,2,-1.61801973251723,0,0,0,"Albertville"
"4975",1994,"Denmark",0,1,-0.812642553572711,0,0,0,"Lillehammer"
"5189",1998,"Denmark",1,1,-0.0996637221775637,0,1,0,"Nagano"
"5403",2002,"Denmark",0,2,-2.11517194802924,0,0,0,"Salt Lake City"
"5617",2006,"Denmark",0,1,-1.03602275673485,0,0,0,"Torino"
"5831",2010,"Denmark",0,1,-0.847550879814347,0,0,0,"Vancouver"
"5198",1998,"Estonia",0,0,-0.0170244896553197,0,0,0,"Nagano"
"5412",2002,"Estonia",3,0,2.76868452406741,1,1,1,"Salt Lake City"
"5626",2006,"Estonia",3,3,0.0648452963077669,3,0,0,"Torino"
"5840",2010,"Estonia",1,3,-1.74500769643924,0,1,0,"Vancouver"
"5841",2010,"Ethiopia",0,0,0.568183437211824,0,0,0,"Vancouver"
"4987",1994,"Fiji",0,0,0.552627193084397,0,0,0,"Lillehammer"
"5415",2002,"Fiji",0,0,0.208292766622724,0,0,0,"Salt Lake City"
"3276",1964,"Finland",10,8,1.70459831109136,3,4,3,"Innsbruck"
"3490",1968,"Finland",5,10,-4.52663316110703,1,2,2,"Grenoble"
"3704",1972,"Finland",5,4,0.965790583554123,0,4,1,"Sapporo"
"3918",1976,"Finland",7,4,2.56146262200929,2,4,1,"Innsbruck"
"4132",1980,"Finland",9,7,2.04410622512666,1,5,3,"Lake Placid"
"4346",1984,"Finland",13,8,4.68560274544816,4,3,6,"Sarajevo"
"4560",1988,"Finland",7,13,-5.57950519470202,4,1,2,"Calgary"
"4774",1992,"Finland",7,8,-0.867108162583443,3,1,3,"Albertville"
"4988",1994,"Finland",6,7,-1.01819055709067,0,1,5,"Lillehammer"
"5202",1998,"Finland",12,6,5.55258137310356,2,4,6,"Nagano"
"5416",2002,"Finland",7,12,-5.02385153980236,4,2,1,"Salt Lake City"
"5630",2006,"Finland",9,7,1.70127670372982,0,6,3,"Torino"
"5844",2010,"Finland",5,9,-3.9248155015468,0,1,4,"Vancouver"
"3277",1964,"France",7,4,2.70085384357388,3,4,0,"Innsbruck"
"3491",1968,"France",9,7,1.58386584034374,4,3,2,"Grenoble"
"3705",1972,"France",3,8,-5.25730666174063,0,1,2,"Sapporo"
"3919",1976,"France",1,3,-2.1419053462425,0,0,1,"Innsbruck"
"4133",1980,"France",1,2,-1.06423530826474,0,0,1,"Lake Placid"
"4347",1984,"France",3,2,1.49601753079173,0,1,2,"Sarajevo"
"4561",1988,"France",2,4,-1.922977599625,1,0,1,"Calgary"
"4775",1992,"France",9,4,5.13407445347211,3,5,1,"Albertville"
"4989",1994,"France",5,9,-4.41348007108529,0,1,4,"Lillehammer"
"5203",1998,"France",8,6,1.95452419792878,2,1,5,"Nagano"
"5417",2002,"France",11,9,2.12813024451351,4,5,2,"Salt Lake City"
"5631",2006,"France",9,11,-2.41979878640829,3,2,4,"Torino"
"5845",2010,"France",11,9,1.59117769406066,2,3,6,"Vancouver"
"5207",1998,"Georgia",0,0,0.350274894982469,0,0,0,"Nagano"
"5421",2002,"Georgia",0,0,0.260685938478297,0,0,0,"Salt Lake City"
"5635",2006,"Georgia",0,0,0.289004453735133,0,0,0,"Torino"
"5849",2010,"Georgia",0,0,0.372232900376919,0,0,0,"Vancouver"
"4994",1994,"Germany",24,25,-0.984892387799516,9,7,8,"Lillehammer"
"5208",1998,"Germany",29,23,5.58574091153088,12,9,8,"Nagano"
"5422",2002,"Germany",36,28,7.96463434310978,12,16,8,"Salt Lake City"
"5636",2006,"Germany",29,34,-5.19730023387803,11,12,6,"Torino"
"5850",2010,"Germany",30,28,2.35332284530882,10,13,7,"Vancouver"
"3498",1968,"Greece",0,0,-0.372505151174198,0,0,0,"Grenoble"
"3712",1972,"Greece",0,0,0.583577773417513,0,0,0,"Sapporo"
"3926",1976,"Greece",0,0,0.242015717216318,0,0,0,"Innsbruck"
"4140",1980,"Greece",0,0,-0.481475539584919,0,0,0,"Lake Placid"
"4354",1984,"Greece",0,0,0.0367066507211441,0,0,0,"Sarajevo"
"4568",1988,"Greece",0,0,-0.493495172776216,0,0,0,"Calgary"
"4782",1992,"Greece",0,1,-1.38324306215375,0,0,0,"Albertville"
"4996",1994,"Greece",0,1,-0.568718902475419,0,0,0,"Lillehammer"
"5210",1998,"Greece",0,1,-0.882425417676264,0,0,0,"Nagano"
"5424",2002,"Greece",0,1,-1.01758915133101,0,0,0,"Salt Lake City"
"5638",2006,"Greece",0,1,-0.895459381351143,0,0,0,"Torino"
"5852",2010,"Greece",0,1,-0.699478331192168,0,0,0,"Vancouver"
"3509",1968,"Hungary",0,0,-0.0589672756901232,0,0,0,"Grenoble"
"3723",1972,"Hungary",0,0,0.924322851622999,0,0,0,"Sapporo"
"3937",1976,"Hungary",0,0,0.59113352981201,0,0,0,"Innsbruck"
"4151",1980,"Hungary",1,0,0.877814131691174,0,1,0,"Lake Placid"
"4365",1984,"Hungary",0,1,-0.550155667461191,0,0,0,"Sarajevo"
"4579",1988,"Hungary",0,0,-0.127546291346648,0,0,0,"Calgary"
"4793",1992,"Hungary",0,1,-0.974672013644959,0,0,0,"Albertville"
"5007",1994,"Hungary",0,0,-0.203729359424417,0,0,0,"Lillehammer"
"5221",1998,"Hungary",0,0,-0.495649345644511,0,0,0,"Nagano"
"5435",2002,"Hungary",0,1,-0.72995795117292,0,0,0,"Salt Lake City"
"5649",2006,"Hungary",0,1,-0.590556723303066,0,0,0,"Torino"
"5863",2010,"Hungary",0,0,-0.403683646148734,0,0,0,"Vancouver"
"3296",1964,"Iceland",0,0,-0.464999037821971,0,0,0,"Innsbruck"
"3510",1968,"Iceland",0,0,0.14477160932293,0,0,0,"Grenoble"
"3938",1976,"Iceland",0,0,0.710148564345293,0,0,0,"Innsbruck"
"4152",1980,"Iceland",0,0,-0.0554460320298557,0,0,0,"Lake Placid"
"4366",1984,"Iceland",0,0,0.465651443956563,0,0,0,"Sarajevo"
"4580",1988,"Iceland",0,0,-0.172254652348623,0,0,0,"Calgary"
"4794",1992,"Iceland",0,1,-0.955652649050641,0,0,0,"Albertville"
"5008",1994,"Iceland",0,0,-0.100430291446324,0,0,0,"Lillehammer"
"5222",1998,"Iceland",0,0,-0.443894836791796,0,0,0,"Nagano"
"5436",2002,"Iceland",0,1,-0.57132885086965,0,0,0,"Salt Lake City"
"5650",2006,"Iceland",0,0,-0.458459268228002,0,0,0,"Torino"
"5864",2010,"Iceland",0,0,-0.107348743050488,0,0,0,"Vancouver"
"3511",1968,"India",0,0,-0.318921945392728,0,0,0,"Grenoble"
"4581",1988,"India",0,0,-0.282664657590491,0,0,0,"Calgary"
"4795",1992,"India",0,1,-0.992420033212038,0,0,0,"Albertville"
"5223",1998,"India",0,1,-0.549401003804238,0,0,0,"Nagano"
"5437",2002,"India",0,1,-0.722974839130564,0,0,0,"Salt Lake City"
"5651",2006,"India",0,1,-0.597211201364736,0,0,0,"Torino"
"5865",2010,"India",0,1,-0.577356705985361,0,0,0,"Vancouver"
"3513",1968,"Iran, Islamic Rep.",0,0,-0.11819607038618,0,0,0,"Grenoble"
"3727",1972,"Iran, Islamic Rep.",0,0,0.786419715610272,0,0,0,"Sapporo"
"3941",1976,"Iran, Islamic Rep.",0,0,0.173981400751322,0,0,0,"Innsbruck"
"5225",1998,"Iran, Islamic Rep.",0,0,-0.474794849488965,0,0,0,"Nagano"
"5439",2002,"Iran, Islamic Rep.",0,1,-0.620676377472377,0,0,0,"Salt Lake City"
"5653",2006,"Iran, Islamic Rep.",0,1,-0.518278148569704,0,0,0,"Torino"
"5867",2010,"Iran, Islamic Rep.",0,1,-0.518569671962849,0,0,0,"Vancouver"
"5227",1998,"Ireland",0,1,-0.901779713374574,0,0,0,"Nagano"
"5441",2002,"Ireland",0,1,-1.12741119794872,0,0,0,"Salt Lake City"
"5655",2006,"Ireland",0,1,-0.998080953400499,0,0,0,"Torino"
"5869",2010,"Ireland",0,1,-0.727806944763516,0,0,0,"Vancouver"
"5229",1998,"Israel",0,1,-0.904508765177081,0,0,0,"Nagano"
"5443",2002,"Israel",0,1,-1.00729690039703,0,0,0,"Salt Lake City"
"5657",2006,"Israel",0,1,-0.749370240324004,0,0,0,"Torino"
"5871",2010,"Israel",0,1,-0.677992279324509,0,0,0,"Vancouver"
"3304",1964,"Italy",4,2,1.68208086494937,0,1,3,"Innsbruck"
"3518",1968,"Italy",4,5,-0.533581779599073,4,0,0,"Grenoble"
"3732",1972,"Italy",5,4,1.43098269814676,2,2,1,"Sapporo"
"3946",1976,"Italy",4,5,-0.7538552831553,1,2,1,"Innsbruck"
"4160",1980,"Italy",2,5,-2.63244873960228,0,2,0,"Lake Placid"
"4374",1984,"Italy",2,2,-0.331675812655329,2,0,0,"Sarajevo"
"4588",1988,"Italy",5,3,2.04097927612094,2,1,2,"Calgary"
"4802",1992,"Italy",14,7,7.43015762554626,4,6,4,"Albertville"
"5016",1994,"Italy",20,14,6.13188882129022,7,5,8,"Lillehammer"
"5230",1998,"Italy",10,20,-9.62076897619991,2,6,2,"Nagano"
"5444",2002,"Italy",13,11,2.36163027158395,4,4,5,"Salt Lake City"
"5658",2006,"Italy",11,13,-2.17986321563239,5,0,6,"Torino"
"5872",2010,"Italy",5,11,-6.15463954233374,1,1,3,"Vancouver"
"4803",1992,"Jamaica",0,0,-0.31597535302655,0,0,0,"Albertville"
"5017",1994,"Jamaica",0,0,0.371803836126132,0,0,0,"Lillehammer"
"5231",1998,"Jamaica",0,0,-0.0830223524441145,0,0,0,"Nagano"
"5445",2002,"Jamaica",0,0,-0.227747131056407,0,0,0,"Salt Lake City"
"5873",2010,"Jamaica",0,0,0.238778418324425,0,0,0,"Vancouver"
"3306",1964,"Japan",0,1,-1.39840885589688,0,0,0,"Innsbruck"
"3520",1968,"Japan",0,1,-0.983268325033246,0,0,0,"Grenoble"
"3734",1972,"Japan",3,0,2.87583812368115,1,1,1,"Sapporo"
"3948",1976,"Japan",0,3,-3.18936869771368,0,0,0,"Innsbruck"
"4162",1980,"Japan",1,1,-0.200771596799414,0,1,0,"Lake Placid"
"4376",1984,"Japan",1,2,-0.722410696390524,0,1,0,"Sarajevo"
"4590",1988,"Japan",1,2,-1.39759961188816,0,0,1,"Calgary"
"4804",1992,"Japan",7,3,3.77662746044004,1,2,4,"Albertville"
"5018",1994,"Japan",5,8,-2.95158059149503,1,2,2,"Lillehammer"
"5232",1998,"Japan",10,6,3.70691001661505,5,1,4,"Nagano"
"5446",2002,"Japan",2,11,-8.9514540721225,0,1,1,"Salt Lake City"
"5660",2006,"Japan",1,3,-2.37104169169774,1,0,0,"Torino"
"5874",2010,"Japan",5,2,2.68468693808483,0,3,2,"Vancouver"
"5234",1998,"Kazakhstan",2,3,-0.862038491754692,0,0,2,"Nagano"
"5448",2002,"Kazakhstan",0,2,-2.1046111194644,0,0,0,"Salt Lake City"
"5662",2006,"Kazakhstan",0,0,-0.393596013585703,0,0,0,"Torino"
"5876",2010,"Kazakhstan",1,0,0.622879638678067,0,1,0,"Vancouver"
"5449",2002,"Kenya",0,0,0.0893333738637637,0,0,0,"Salt Lake City"
"5663",2006,"Kenya",0,0,0.244885392363194,0,0,0,"Torino"
"3312",1964,"Korea, Rep.",0,0,-0.394061433157183,0,0,0,"Innsbruck"
"3526",1968,"Korea, Rep.",0,0,0.0357960400160672,0,0,0,"Grenoble"
"3740",1972,"Korea, Rep.",0,0,0.963538043500915,0,0,0,"Sapporo"
"3954",1976,"Korea, Rep.",0,0,0.476274054567905,0,0,0,"Innsbruck"
"4168",1980,"Korea, Rep.",0,0,-0.309437992128123,0,0,0,"Lake Placid"
"4382",1984,"Korea, Rep.",0,0,0.00538906405197394,0,0,0,"Sarajevo"
"4596",1988,"Korea, Rep.",0,1,-0.610865127594454,0,0,0,"Calgary"
"4810",1992,"Korea, Rep.",4,2,2.44560864024317,2,1,1,"Albertville"
"5024",1994,"Korea, Rep.",6,4,1.53007559513718,4,1,1,"Lillehammer"
"5238",1998,"Korea, Rep.",6,6,-0.446652983220442,3,1,2,"Nagano"
"5452",2002,"Korea, Rep.",4,7,-2.74525992061006,2,2,0,"Salt Lake City"
"5666",2006,"Korea, Rep.",11,5,6.22598882746898,6,3,2,"Torino"
"5880",2010,"Korea, Rep.",14,11,3.07778193623092,6,6,2,"Vancouver"
"5241",1998,"Kyrgyz Republic",0,0,0.66089343316226,0,0,0,"Nagano"
"5455",2002,"Kyrgyz Republic",0,0,0.569829806291285,0,0,0,"Salt Lake City"
"5669",2006,"Kyrgyz Republic",0,0,0.702846346745923,0,0,0,"Torino"
"5883",2010,"Kyrgyz Republic",0,0,0.745251922410821,0,0,0,"Vancouver"
"5029",1994,"Latvia",0,0,0.366593385371033,0,0,0,"Lillehammer"
"5243",1998,"Latvia",0,0,0.0132299745873962,0,0,0,"Nagano"
"5457",2002,"Latvia",0,0,-0.230751899576328,0,0,0,"Salt Lake City"
"5671",2006,"Latvia",1,0,0.817359366211532,0,0,1,"Torino"
"5885",2010,"Latvia",2,1,1.06942195748138,0,2,0,"Vancouver"
"4602",1988,"Lebanon",0,0,0.459685624820089,0,0,0,"Calgary"
"4816",1992,"Lebanon",0,0,-0.46186935929072,0,0,0,"Albertville"
"5458",2002,"Lebanon",0,0,-0.436399883085159,0,0,0,"Salt Lake City"
"5672",2006,"Lebanon",0,0,-0.12911017061243,0,0,0,"Torino"
"5886",2010,"Lebanon",0,0,-0.0749827455747071,0,0,0,"Vancouver"
"5035",1994,"Lithuania",0,0,0.308508992957116,0,0,0,"Lillehammer"
"5249",1998,"Lithuania",0,0,-0.123483305806375,0,0,0,"Nagano"
"5463",2002,"Lithuania",0,0,-0.323476855873142,0,0,0,"Salt Lake City"
"5677",2006,"Lithuania",0,0,-0.272518413865291,0,0,0,"Torino"
"5891",2010,"Lithuania",0,0,-0.113948498816243,0,0,0,"Vancouver"
"4822",1992,"Luxembourg",2,1,0.81182456047806,0,2,0,"Albertville"
"5036",1994,"Luxembourg",0,2,-2.23906498233404,0,0,0,"Lillehammer"
"5250",1998,"Luxembourg",0,1,-0.69272216894648,0,0,0,"Nagano"
"5678",2006,"Luxembourg",0,1,-0.74118420479795,0,0,0,"Torino"
"5466",2002,"Macedonia, FYR",0,0,0.0919910741776803,0,0,0,"Salt Lake City"
"5680",2006,"Macedonia, FYR",0,0,0.226563367539496,0,0,0,"Torino"
"5894",2010,"Macedonia, FYR",0,0,0.328208937395079,0,0,0,"Vancouver"
"4620",1988,"Mexico",0,0,-0.486416213298581,0,0,0,"Calgary"
"4834",1992,"Mexico",0,1,-1.46858899607019,0,0,0,"Albertville"
"5048",1994,"Mexico",0,1,-0.795587443036407,0,0,0,"Lillehammer"
"5476",2002,"Mexico",0,1,-1.25456290919378,0,0,0,"Salt Lake City"
"5904",2010,"Mexico",0,1,-0.786728895475184,0,0,0,"Vancouver"
"5264",1998,"Moldova",0,0,0.616895701888955,0,0,0,"Nagano"
"5478",2002,"Moldova",0,0,0.50205184994001,0,0,0,"Salt Lake City"
"5692",2006,"Moldova",0,0,0.568362056337152,0,0,0,"Torino"
"5906",2010,"Moldova",0,0,0.599283763232781,0,0,0,"Vancouver"
"4410",1984,"Mongolia",0,0,0.929483341962689,0,0,0,"Sarajevo"
"4624",1988,"Mongolia",0,0,0.430741143902386,0,0,0,"Calgary"
"4838",1992,"Mongolia",0,0,0.0477345077339407,0,0,0,"Albertville"
"5052",1994,"Mongolia",0,0,0.998035740007684,0,0,0,"Lillehammer"
"5266",1998,"Mongolia",0,0,0.686018419924394,0,0,0,"Nagano"
"5480",2002,"Mongolia",0,0,0.501217353786071,0,0,0,"Salt Lake City"
"5694",2006,"Mongolia",0,0,0.510214546352302,0,0,0,"Torino"
"5908",2010,"Mongolia",0,0,0.528084755676842,0,0,0,"Vancouver"
"4412",1984,"Morocco",0,0,0.659398264663845,0,0,0,"Sarajevo"
"4626",1988,"Morocco",0,0,0.10644756253252,0,0,0,"Calgary"
"4840",1992,"Morocco",0,1,-0.710067291499811,0,0,0,"Albertville"
"5910",2010,"Morocco",0,0,-0.077386271840524,0,0,0,"Vancouver"
"5700",2006,"Nepal",0,0,0.53144442357574,0,0,0,"Torino"
"5914",2010,"Nepal",0,0,0.557025947229835,0,0,0,"Vancouver"
"3347",1964,"Netherlands",2,3,-1.00946368084111,1,1,0,"Innsbruck"
"3561",1968,"Netherlands",9,3,6.47975239064545,3,3,3,"Grenoble"
"3775",1972,"Netherlands",9,8,1.03385562264373,4,3,2,"Sapporo"
"3989",1976,"Netherlands",6,8,-2.337708729061,1,2,3,"Innsbruck"
"4203",1980,"Netherlands",4,6,-2.33006805874793,1,2,1,"Lake Placid"
"4417",1984,"Netherlands",0,4,-3.9430329860682,0,0,0,"Sarajevo"
"4631",1988,"Netherlands",7,1,6.11230493584976,3,2,2,"Calgary"
"4845",1992,"Netherlands",4,8,-4.1049680045367,1,1,2,"Albertville"
"5059",1994,"Netherlands",4,5,-0.579578380278003,0,1,3,"Lillehammer"
"5273",1998,"Netherlands",11,5,6.1284389549243,5,4,2,"Nagano"
"5487",2002,"Netherlands",8,11,-3.37016419361884,3,5,0,"Salt Lake City"
"5701",2006,"Netherlands",9,8,0.534481954527147,3,2,4,"Torino"
"5915",2010,"Netherlands",8,9,-1.1857615396553,4,1,3,"Vancouver"
"3563",1968,"New Zealand",0,0,-0.322105145720003,0,0,0,"Grenoble"
"3777",1972,"New Zealand",0,0,0.593114365307468,0,0,0,"Sapporo"
"3991",1976,"New Zealand",0,0,0.357872573636523,0,0,0,"Innsbruck"
"4205",1980,"New Zealand",0,0,-0.347851936036063,0,0,0,"Lake Placid"
"4419",1984,"New Zealand",0,0,0.135303007893882,0,0,0,"Sarajevo"
"4633",1988,"New Zealand",0,0,-0.498962792944627,0,0,0,"Calgary"
"4847",1992,"New Zealand",1,1,-0.189327849133559,0,1,0,"Albertville"
"5061",1994,"New Zealand",0,1,-1.38992764187907,0,0,0,"Lillehammer"
"5275",1998,"New Zealand",0,1,-0.721123224181722,0,0,0,"Nagano"
"5489",2002,"New Zealand",0,1,-0.888959637613426,0,0,0,"Salt Lake City"
"5703",2006,"New Zealand",0,1,-0.732788017475323,0,0,0,"Torino"
"5917",2010,"New Zealand",0,1,-0.589479494059298,0,0,0,"Vancouver"
"3354",1964,"Norway",15,6,8.51822346432309,3,6,6,"Innsbruck"
"3568",1968,"Norway",14,14,-0.158402861082524,6,6,2,"Grenoble"
"3782",1972,"Norway",12,12,-0.30736410876142,2,5,5,"Sapporo"
"3996",1976,"Norway",7,11,-3.87576666135923,3,3,1,"Innsbruck"
"4210",1980,"Norway",10,7,2.94709700024372,1,3,6,"Lake Placid"
"4424",1984,"Norway",9,9,-0.3122267907978,3,2,4,"Sarajevo"
"4638",1988,"Norway",5,9,-3.94472062247455,0,3,2,"Calgary"
"4852",1992,"Norway",20,6,13.8650539101758,9,6,5,"Albertville"
"5066",1994,"Norway",26,19,7.05604752925716,10,11,5,"Lillehammer"
"5280",1998,"Norway",25,25,0.288357905663112,10,10,5,"Nagano"
"5494",2002,"Norway",25,24,1.00192504192678,13,5,7,"Salt Lake City"
"5708",2006,"Norway",19,24,-4.86954894902546,2,8,9,"Torino"
"5922",2010,"Norway",23,18,4.74671252143867,9,8,6,"Vancouver"
"4646",1988,"Philippines",0,0,0.057316999600758,0,0,0,"Calgary"
"4860",1992,"Philippines",0,1,-0.788230697903193,0,0,0,"Albertville"
"4647",1988,"Poland",0,0,-0.246089455639371,0,0,0,"Calgary"
"4861",1992,"Poland",0,1,-1.09014929843004,0,0,0,"Albertville"
"5075",1994,"Poland",0,0,-0.338007991760084,0,0,0,"Lillehammer"
"5289",1998,"Poland",0,1,-0.759053837465139,0,0,0,"Nagano"
"5503",2002,"Poland",2,1,1.0786397353717,0,1,1,"Salt Lake City"
"5717",2006,"Poland",2,3,-0.605386589111842,0,1,1,"Torino"
"5931",2010,"Poland",6,2,3.50903638429514,1,3,2,"Vancouver"
"5076",1994,"Portugal",0,1,-0.531027900098812,0,0,0,"Lillehammer"
"5290",1998,"Portugal",0,1,-0.857161527569394,0,0,0,"Nagano"
"5718",2006,"Portugal",0,1,-0.805044102292537,0,0,0,"Torino"
"5932",2010,"Portugal",0,1,-0.614117218333247,0,0,0,"Vancouver"
"4649",1988,"Puerto Rico",0,0,-0.284457205989586,0,0,0,"Calgary"
"4863",1992,"Puerto Rico",0,1,-1.12034508561934,0,0,0,"Albertville"
"5077",1994,"Puerto Rico",0,0,-0.356628895925232,0,0,0,"Lillehammer"
"5291",1998,"Puerto Rico",0,1,-0.712058010828642,0,0,0,"Nagano"
"5505",2002,"Puerto Rico",0,1,-0.925664023498799,0,0,0,"Salt Lake City"
"5294",1998,"Russian Federation",18,22,-3.6100737908033,9,6,3,"Nagano"
"5508",2002,"Russian Federation",13,17,-4.26753234006772,5,4,4,"Salt Lake City"
"5722",2006,"Russian Federation",22,13,9.21423143197607,8,6,8,"Torino"
"5936",2010,"Russian Federation",15,21,-5.8962018684706,3,5,7,"Vancouver"
"4872",1992,"Senegal",0,0,-0.314607411662461,0,0,0,"Albertville"
"5086",1994,"Senegal",0,0,0.675239091770788,0,0,0,"Lillehammer"
"5728",2006,"Senegal",0,0,0.382819687240992,0,0,0,"Torino"
"5942",2010,"Senegal",0,0,0.514149094426122,0,0,0,"Vancouver"
"5306",1998,"Slovak Republic",0,0,-0.417223201597156,0,0,0,"Nagano"
"5520",2002,"Slovak Republic",0,1,-0.59005967242688,0,0,0,"Salt Lake City"
"5734",2006,"Slovak Republic",1,1,0.489556263912019,0,1,0,"Torino"
"5948",2010,"Slovak Republic",3,1,1.72870494484266,1,1,1,"Vancouver"
"5093",1994,"Slovenia",3,0,2.92734203788948,0,0,3,"Lillehammer"
"5307",1998,"Slovenia",0,3,-3.20149130679843,0,0,0,"Nagano"
"5521",2002,"Slovenia",1,1,0.394727344477001,0,0,1,"Salt Lake City"
"5735",2006,"Slovenia",0,1,-1.3697023452451,0,0,0,"Torino"
"5949",2010,"Slovenia",3,0,2.70756075249821,0,2,1,"Vancouver"
"5096",1994,"South Africa",0,0,-0.425120806137399,0,0,0,"Lillehammer"
"5310",1998,"South Africa",0,1,-0.648864408002427,0,0,0,"Nagano"
"5524",2002,"South Africa",0,1,-0.670569321872399,0,0,0,"Salt Lake City"
"5738",2006,"South Africa",0,1,-0.646272821066943,0,0,0,"Torino"
"5952",2010,"South Africa",0,1,-0.528798799922761,0,0,0,"Vancouver"
"3386",1964,"Spain",0,1,-1.07846937146886,0,0,0,"Innsbruck"
"3600",1968,"Spain",0,1,-0.586263304567954,0,0,0,"Grenoble"
"3814",1972,"Spain",1,0,1.32959219723747,1,0,0,"Sapporo"
"4028",1976,"Spain",0,1,-0.951267719138472,0,0,0,"Innsbruck"
"4242",1980,"Spain",0,1,-0.795226437635673,0,0,0,"Lake Placid"
"4456",1984,"Spain",0,0,-0.226712673800583,0,0,0,"Sarajevo"
"4670",1988,"Spain",0,1,-0.879331413574959,0,0,0,"Calgary"
"4884",1992,"Spain",1,2,-0.809678283060982,0,0,1,"Albertville"
"5098",1994,"Spain",0,2,-1.83878658462837,0,0,0,"Lillehammer"
"5312",1998,"Spain",0,1,-1.23002114731513,0,0,0,"Nagano"
"5526",2002,"Spain",0,1,-1.38237200829386,0,0,0,"Salt Lake City"
"5740",2006,"Spain",0,1,-1.2535524544958,0,0,0,"Torino"
"5954",2010,"Spain",0,1,-1.05119179063479,0,0,0,"Vancouver"
"3395",1964,"Sweden",7,8,-0.679679537353069,3,3,1,"Innsbruck"
"3609",1968,"Sweden",8,7,0.835772461260012,3,2,3,"Grenoble"
"3823",1972,"Sweden",4,7,-3.10836871852606,1,1,2,"Sapporo"
"4037",1976,"Sweden",2,4,-1.81338786676716,0,0,2,"Innsbruck"
"4251",1980,"Sweden",4,3,1.32718045991022,3,0,1,"Lake Placid"
"4465",1984,"Sweden",8,4,4.05965857098827,4,2,2,"Sarajevo"
"4679",1988,"Sweden",6,8,-2.17452297476881,4,0,2,"Calgary"
"4893",1992,"Sweden",4,7,-3.20752014627083,1,0,3,"Albertville"
"5107",1994,"Sweden",3,4,-1.49240316663093,2,1,0,"Lillehammer"
"5321",1998,"Sweden",3,4,-0.885604190166901,0,2,1,"Nagano"
"5535",2002,"Sweden",7,4,3.01321052494652,0,2,5,"Salt Lake City"
"5749",2006,"Sweden",14,7,6.54536246655764,7,2,5,"Torino"
"5963",2010,"Sweden",11,14,-2.63309584226796,5,2,4,"Vancouver"
"3396",1964,"Switzerland",0,3,-3.03802088656059,0,0,0,"Innsbruck"
"3610",1968,"Switzerland",6,1,5.31804797754755,0,2,4,"Grenoble"
"4252",1980,"Switzerland",5,5,-0.377632603018049,1,1,3,"Lake Placid"
"4466",1984,"Switzerland",5,5,0.118258336153111,2,2,1,"Sarajevo"
"4680",1988,"Switzerland",15,5,9.50748650179688,5,5,5,"Calgary"
"4894",1992,"Switzerland",3,15,-12.4097173948473,1,0,2,"Albertville"
"5108",1994,"Switzerland",9,4,5.28592262653925,3,4,2,"Lillehammer"
"5322",1998,"Switzerland",7,9,-2.41167755482864,2,2,3,"Nagano"
"5536",2002,"Switzerland",11,8,3.29173312953372,3,2,6,"Salt Lake City"
"5750",2006,"Switzerland",14,11,2.87051740604086,5,4,5,"Torino"
"5964",2010,"Switzerland",9,14,-4.73025883543758,6,0,3,"Vancouver"
"5752",2006,"Tajikistan",0,0,0.752383918284943,0,0,0,"Torino"
"5966",2010,"Tajikistan",0,0,0.740501403518346,0,0,0,"Vancouver"
"5754",2006,"Thailand",0,1,-0.502925196363612,0,0,0,"Torino"
"5330",1998,"Trinidad and Tobago",0,0,-0.0624905353083356,0,0,0,"Nagano"
"5544",2002,"Trinidad and Tobago",0,0,-0.321124774572728,0,0,0,"Salt Lake City"
"3406",1964,"Turkey",0,1,-0.838599938353333,0,0,0,"Innsbruck"
"3620",1968,"Turkey",0,0,-0.361714532202952,0,0,0,"Grenoble"
"4048",1976,"Turkey",0,0,0.285004208242528,0,0,0,"Innsbruck"
"4476",1984,"Turkey",0,0,0.203522772650319,0,0,0,"Sarajevo"
"4690",1988,"Turkey",0,0,-0.29738794258801,0,0,0,"Calgary"
"4904",1992,"Turkey",0,1,-1.23406591200248,0,0,0,"Albertville"
"5118",1994,"Turkey",0,0,-0.340792182900278,0,0,0,"Lillehammer"
"5332",1998,"Turkey",0,1,-0.849545662300173,0,0,0,"Nagano"
"5546",2002,"Turkey",0,1,-0.891771427052322,0,0,0,"Salt Lake City"
"5760",2006,"Turkey",0,1,-0.855403346305376,0,0,0,"Torino"
"5974",2010,"Turkey",0,1,-0.733308276923104,0,0,0,"Vancouver"
"5337",1998,"Ukraine",1,2,-0.991381385771471,0,1,0,"Nagano"
"5551",2002,"Ukraine",0,1,-1.20201217239332,0,0,0,"Salt Lake City"
"5765",2006,"Ukraine",2,0,1.68810242912758,0,0,2,"Torino"
"5979",2010,"Ukraine",0,2,-1.98759038736076,0,0,0,"Vancouver"
"3413",1964,"United Kingdom",1,2,-0.550622463672773,1,0,0,"Innsbruck"
"3627",1968,"United Kingdom",0,2,-1.86692938759025,0,0,0,"Grenoble"
"3841",1972,"United Kingdom",0,0,0.0159826463680067,0,0,0,"Sapporo"
"4055",1976,"United Kingdom",1,0,0.774390173142992,1,0,0,"Innsbruck"
"4269",1980,"United Kingdom",1,2,-0.968482414334663,1,0,0,"Lake Placid"
"4483",1984,"United Kingdom",1,1,-0.438154117759683,1,0,0,"Sarajevo"
"4697",1988,"United Kingdom",0,2,-2.04557608124716,0,0,0,"Calgary"
"4911",1992,"United Kingdom",0,2,-1.96914380725157,0,0,0,"Albertville"
"5125",1994,"United Kingdom",2,1,0.853623563493453,0,0,2,"Lillehammer"
"5339",1998,"United Kingdom",1,3,-2.32562539175076,0,0,1,"Nagano"
"5553",2002,"United Kingdom",2,3,-0.557770326745876,1,0,1,"Salt Lake City"
"5767",2006,"United Kingdom",1,3,-2.28364994020895,0,1,0,"Torino"
"5981",2010,"United Kingdom",1,2,-1.10257677117736,1,0,0,"Vancouver"
"3414",1964,"United States",7,11,-4.16920109382637,1,2,4,"Innsbruck"
"3628",1968,"United States",7,8,-0.922739473040115,1,5,1,"Grenoble"
"3842",1972,"United States",8,7,1.08865821319331,3,2,3,"Sapporo"
"4056",1976,"United States",10,8,1.92718825198515,3,3,4,"Innsbruck"
"4270",1980,"United States",12,11,1.45299609145689,6,4,2,"Lake Placid"
"4484",1984,"United States",8,12,-4.04085762144392,4,4,0,"Sarajevo"
"4698",1988,"United States",6,9,-2.8548115209146,2,1,3,"Calgary"
"4912",1992,"United States",11,8,3.15330373689238,5,4,2,"Albertville"
"5126",1994,"United States",13,12,1.38288868769791,6,5,2,"Lillehammer"
"5340",1998,"United States",13,14,-0.753649378835902,6,3,4,"Nagano"
"5554",2002,"United States",34,14,20.0730266609192,10,13,11,"Salt Lake City"
"5768",2006,"United States",25,33,-7.75648286521327,9,9,7,"Torino"
"5982",2010,"United States",37,24,12.6373725614189,9,15,13,"Vancouver"
"5342",1998,"Uzbekistan",0,1,-0.815413103902661,0,0,0,"Nagano"
"5556",2002,"Uzbekistan",0,0,0.160390864443732,0,0,0,"Salt Lake City"
"5770",2006,"Uzbekistan",0,0,0.295373807731861,0,0,0,"Torino"
"5984",2010,"Uzbekistan",0,0,0.224430951600038,0,0,0,"Vancouver"
"5558",2002,"Venezuela, RB",0,1,-0.702263649099036,0,0,0,"Salt Lake City"
"5772",2006,"Venezuela, RB",0,1,-0.607722829230649,0,0,0,"Torino"
"4918",1992,"Virgin Islands (U.S.)",0,1,-0.586466015574041,0,0,0,"Albertville"
